Emissions,Janet,will,back,the,bill
DT,0,0,0,0.506099,0
RB,0,0,0.010446,0,0
NN,0,0.0002,0.000223,0,0.002337
JJ,0,0,0.00034,0,0
VB,0,0.000028,0.000672,0,0.000028
MD,0,0.308431,0,0,0
NNP,0.000032,0,0,0.000048,0
